# single instances of (re)moved pages
/docs/learn     /docs/learn/getting-started
/docs/latest/learn     /docs/learn/getting-started
/docs/latest/getting-started /docs/learn/getting-started
/docs/latest/sorting  /docs/learn/working-with-data/sorting
/docs/latest/styling-rows /docs/learn/rows/styling-rows
/docs/latest/learn/styling-rows /docs/learn/rows/styling-rows
/docs/latest/column-groups /docs/learn/columns/column-grouping
/docs/latest/learn/grouping-and-pivoting/pivoting /docs/learn/grouping-and-pivoting/pivoting/overview
/docs/latest/row-groups /docs/learn/grouping-and-pivoting/grouping-rows
/community/team /docs/community

# permanently move docs from under /latest dir
/docs/latest/*  /docs/:splat

